id,name,code
af13f17b-fc15-40ad-8be6-10041821882b,Old Bexley and Sidcup,E14000869
67db6751-39ed-47e8-b3fe-e7e7952fd81b,High Peak,E14000748
6bf8f87e-c7eb-42e2-8df3-700333448ab4,Cheadle,E14000627
a61f0a84-dd29-47a0-8fcf-d0c2f7aa1fe7,Telford,E14000989
61202ea5-1485-4131-ac64-42ce2c6dc967,Nuneaton,E14000868
ea60ce57-97d8-40b1-9c7d-73d53ea0e13c,Heywood and Middleton,E14000747
1873dfd8-e3d3-470c-a56f-8df5d7a0791b,Chatham and Aylesford,E14000626
7f553b29-52ad-4b3e-a8f3-1d4e86bd27ec,Kirkcaldy and Cowdenbeath,S14000041
2c2e897f-e628-42a0-8f90-159f4edb6b45,Taunton Deane,E14000988
297900cc-0556-4272-b736-650919e48abe,Nottingham South,E14000867
f93bd597-1d5f-42d9-8934-42d439867ae5,Hexham,E14000746
95b0a302-0eda-466e-8032-18c241aae87a,Charnwood,E14000625
9de70ead-20b5-414f-b096-379685393731,Kilmarnock and Loudoun,S14000040
0359a4a4-9a07-4a8b-bdbc-a74bcb49aa2c,Tatton,E14000987
ffbfbb2e-6685-4637-85fa-6051b0214609,Nottingham North,E14000866
0812fe81-3ac6-4a03-8788-c34886aff14d,Hertsmere,E14000745
193e9877-69ae-4724-8f2f-19d5a2b6b5e5,Central Suffolk and North Ipswich,E14000624
398eb85e-a08b-4a49-97f0-dc19c5de06a1,Linlithgow and East Falkirk,S14000043
ed6ede25-0bba-4ac8-9e69-6a9c4dd66f0d,Lanark and Hamilton East,S14000042
26dc05fe-c26a-4d3c-a7b6-dd1a02b464a0,Midlothian,S14000045
2fdb247c-c0eb-4033-890c-3f012596439d,Chelsea and Fulham,E14000629
3b8678b5-396f-4533-b52f-decf95a19891,Livingston,S14000044
f2e44756-c2f8-4cb8-b6e3-2d38c6603edf,Hitchin and Harpenden,E14000749
26289ca7-41df-4c44-9460-834ef73cd60c,Chelmsford,E14000628
fb162939-e298-41af-98ed-17ddf752bbdf,Motherwell and Wishaw,S14000047
5ef743b6-79a4-412c-a379-08e100ba3d3d,Moray,S14000046
ecf02fb3-2b44-4a85-9615-d9ba0fc28f1e,North East Fife,S14000049
287e3c1c-aaee-4602-b0ce-e563f346d0c3,North Ayrshire and Arran,S14000048
03bf985a-d401-4a97-b05a-38a18f18a711,Sunderland Central,E14000982
c1728c3a-3252-4fbe-a091-492393fc067b,Northampton North,E14000861
cff83876-f1c7-4793-8516-0c18860a22af,Hemsworth,E14000740
75e679e2-247b-4e87-8f38-68badb280039,Suffolk Coastal,E14000981
721dca4d-427f-4189-acc2-506436abb0e3,North Wiltshire,E14000860
2b51ae65-0675-46f3-a594-86fdf5623ed5,Stroud,E14000980
d998d88a-b7cc-4173-aa4c-54bdb43970d7,Tamworth,E14000986
f13262e9-dd99-45f9-81e6-bdad021553bc,Nottingham East,E14000865
7ae61ece-2937-4f7e-8211-557062008170,Hertford and Stortford,E14000744
55523894-b202-4753-9dfe-981df2180c34,Central Devon,E14000623
4d8c1cf5-376f-443d-99da-dc762f95e33e,Sutton Coldfield,E14000985
d34129fc-f433-4adb-a7ef-27801f9c5adc,Norwich South,E14000864
584f0248-c5a7-48b4-abbf-c21f58014204,Hereford and South Herefordshire,E14000743
154a3ce3-89f0-4301-bf6d-66cd72a505a7,Castle Point,E14000622
d9c0232b-1c6e-4c2e-bb54-a084ceaca99a,Sutton and Cheam,E14000984
033b7795-7c7c-4f0b-a6ab-4ab5d10752c2,Norwich North,E14000863
28903e23-718b-465f-ba99-e8cc76ee3a32,Henley,E14000742
9294be5a-1f1e-4477-b141-9c895b420028,Carshalton and Wallington,E14000621
7ec73c30-09f7-44ec-b3ca-8e186487f587,Surrey Heath,E14000983
3ffaf4bd-7059-41f4-a640-f4d3f437e106,Northampton South,E14000862
ba08db96-d9a4-41d5-9100-e300185492cb,Hendon,E14000741
5dde2286-af80-4d5b-9f6a-bb4425cb6ada,Carlisle,E14000620
886fe1ee-5e7c-42a7-b2f3-421abf939e8b,Stretford and Urmston,E14000979
a835b65e-ef18-46b6-91f3-7a0e6a45fce7,North West Leicestershire,E14000858
e7aa5136-25ba-4f3e-b941-75dc54ee139b,Hayes and Harlington,E14000737
0c21ba60-e050-4da2-a03d-3f896349d249,Camborne and Redruth,E14000616
c3b87a55-6502-49b9-8f5b-4194b2b08ab5,Streatham,E14000978
01c8434f-78c7-46ef-bf90-06d081e64dc6,North West Hampshire,E14000857
f7bc1ad8-83f7-4c2f-b6b0-0d20fa6ce297,Havant,E14000736
f523ceb0-3a71-4036-beea-9ffaaf04b46f,Camberwell and Peckham,E14000615
29c27d78-c470-4ad6-96bf-4cf0bea5ffc1,Glasgow East,S14000030
55282806-89ba-44df-a9ea-8d1c3f7ccc01,Stratford-on-Avon,E14000977
639cf0ca-0769-4611-ad37-0c5af74c25a8,North West Durham,E14000856
2dd06c20-b1aa-4fbf-a4cd-d3482ed7a72f,Hastings and Rye,E14000735
f46de0fc-07d4-433b-b15d-ef40494dc898,Calder Valley,E14000614
558151ae-ef6f-45ed-a58a-b51f3959ae66,Stourbridge,E14000976
3f72698d-0f5b-45da-ac2d-f0aec8907c0f,North West Cambridgeshire,E14000855
fdad4385-bb02-40e3-bd5c-d46eb826fbc4,Harwich and North Essex,E14000734
1eddb222-1423-41be-be0f-e062247cdd4f,Bury St Edmunds,E14000613
42a3197d-0052-49b9-bfd9-f6795d054de2,Glasgow North East,S14000032
d7bce2d2-dab0-4905-8526-82e782ccc9a6,Glasgow North,S14000031
63521f88-fa9f-4395-89aa-c4793b3acd41,Canterbury,E14000619
5a79b48d-d659-408e-a4b9-eaa4689ad903,Glasgow South,S14000034
54d6c43d-690c-431b-a280-f2ed37682f97,Hemel Hempstead,E14000739
d3b58a49-b793-448a-8a87-adf43d9354cb,Cannock Chase,E14000618
c4170892-98a6-44b7-827d-49fe17dd37b6,Glasgow North West,S14000033
56a49980-fc1e-4ea6-be37-cf1924240b9a,North West Norfolk,E14000859
917b5cad-fc37-4bf4-9c97-f1ff471102e6,Hazel Grove,E14000738
d365f2f5-7da9-450b-b746-0c05aa6bfbb4,Cambridge,E14000617
0b4f3d62-7375-4629-8cf4-b45c9a0a8b55,Glenrothes,S14000036
2141062f-43f3-4e3e-b03b-5cd46f6a170d,Glasgow South West,S14000035
fe9bb3ee-eead-4a8b-8048-051d046adb5d,Inverclyde,S14000038
f7ad420a-192a-4c1d-8914-45a93bcaa7b9,Gordon,S14000037
b4d197de-5609-4597-a80d-201faafd90be,"Inverness, Nairn, Badenoch and Strathspey",S14000039
8586fee1-d526-4ecc-9f13-39278089e9cf,Stockton South,E14000971
8726083e-bec9-4ea9-9c32-4ca2947a073e,North Somerset,E14000850
07b7e053-07cc-420f-ad38-cbdeeb8b8a55,Stockton North,E14000970
a5338ac8-80a3-475d-b9fb-5a812cbe395f,Stone,E14000975
3de0d0df-387c-4a04-879b-bfd1f9b6436b,North Warwickshire,E14000854
a53de1c6-b313-4754-b775-5a11fad37f80,Hartlepool,E14000733
f9cb1da9-3c1d-4b91-89a5-12f36bcd2fad,Bury South,E14000612
4dd7dc72-9ce9-4bbf-b1b8-844be987e0f9,Stoke-on-Trent South,E14000974
43420d35-0c1b-4ddd-b360-b7af9fcc8021,North Tyneside,E14000853
ec0f49f2-a19b-46e4-8a24-fab8d3316757,Harrow West,E14000732
65571295-50b2-4b18-af94-295f5d239db5,Bury North,E14000611
4a7f4c05-d61a-4373-9a8e-229382278ad1,Stoke-on-Trent North,E14000973
41801327-ed87-4f11-a9bd-f7f24e8fe82e,North Thanet,E14000852
e538ca98-9fc6-4382-96e5-cf8b7004d432,Harrow East,E14000731
c94143e3-9d02-4805-990d-b2792775fc8c,Burton,E14000610
2abff8b7-a7d2-424d-9e0b-4c383a9a9b28,Stoke-on-Trent Central,E14000972
0590f796-c543-4d61-b679-6bda7a226f6d,North Swindon,E14000851
fcf194b2-d4a0-4968-9e0d-35fc67561dcc,Harrogate and Knaresborough,E14000730
4ce9444c-9072-4b08-b5c5-0b323fbe92cd,Stevenage,E14000968
4920f0c4-e332-4862-8f14-0e9697a4ef51,North Herefordshire,E14000847
d38cfa6e-7cff-4ca4-91bb-b758280f47fc,Hammersmith,E14000726
8af459bf-92f5-4afd-a9be-995202cb8e93,Bromsgrove,E14000605
f1270e91-a5d5-45e2-a190-fe4141b7a4e4,Stalybridge and Hyde,E14000967
6195971a-9f51-46e3-a53a-a0307ec7a246,North East Somerset,E14000846
bd4f1324-e640-4905-a529-32711d2f074e,Halton,E14000725
4e8dac2b-5b2f-43ee-a032-08add216160a,Bromley and Chislehurst,E14000604
dcbc759b-b538-4b1e-a86a-d3f54dc68098,Staffordshire Moorlands,E14000966
16672a99-8701-472f-bfd9-0172cd15e243,North East Hertfordshire,E14000845
9441555e-ef81-4e33-82d8-e8b44d606d42,Haltemprice and Howden,E14000724
2e56bf13-aa3a-4a60-b48c-7415e0c47283,Broadland,E14000603
3243fe8d-92a6-4b76-855e-e3fbe4937ab4,Stafford,E14000965
27b53eeb-5547-4ca2-84ee-c33cb357cfe8,North East Hampshire,E14000844
419f1636-9aec-411e-9b6e-d52cbef7a5bd,Halifax,E14000723
892b44c4-1c4b-4ca8-9c05-e3eda8706753,Bristol West,E14000602
7abad093-6706-4df9-8cb7-dc7e4e31cd86,Burnley,E14000609
9c230ce4-4ee1-4f4c-8cc1-f235be64b165,Harlow,E14000729
61d09dee-7850-499e-983e-a86ffeb7fb8c,Buckingham,E14000608
9ede8e78-3750-4830-ab77-eebc3a436229,North Shropshire,E14000849
c84a47b8-aea7-4755-9b2e-d95bfca66897,Harborough,E14000728
e7a207a4-c020-4308-827f-892997b4e05b,Broxtowe,E14000607
472ca9d1-9126-4b8d-b52b-bd935b13f3b2,Stockport,E14000969
799cc514-5d4e-4781-8732-666c07bde7bf,North Norfolk,E14000848
45bcf3fc-1213-47ab-a8f2-e0bf2bffd77e,Hampstead and Kilburn,E14000727
c0b2373e-5f05-4a6f-bd13-1b00898df7e3,Broxbourne,E14000606
64af332e-ef6c-47b6-9dcc-d6b79baa5e1d,St Albans,E14000960
75176e60-6eb1-400b-91a8-0eeb67aa5825,St Ives,E14000964
0357b32c-919e-4da2-a510-75f532361ce0,North East Derbyshire,E14000843
faa0eb2a-c696-4036-9ca3-fc2ae3396d9a,Halesowen and Rowley Regis,E14000722
3d53d449-2097-428c-8b99-42604ac7c6e3,Bristol South,E14000601
4c9dcdd6-3f8c-465e-b8f9-fe134a72c0da,St Helens South and Whiston,E14000963
800cdd10-a448-44f2-a7fd-580127d896a8,North East Cambridgeshire,E14000842
35772089-518c-495d-ac3d-7ff92a5bcd4f,Hackney South and Shoreditch,E14000721
0429f2ec-ffba-4f9e-9f49-cccdea122336,Bristol North West,E14000600
0665ed74-7170-4023-aeb8-7247733c1fbd,St Helens North,E14000962
1e2dea3f-93f3-40bc-9348-d98d700c4d78,North East Bedfordshire,E14000841
caf8c2dd-177a-4b3d-bdc5-e829587be4d2,Hackney North and Stoke Newington,E14000720
0d04d3a3-b95d-420a-a361-d77c26bdd3a0,St Austell and Newquay,E14000961
92c540ae-953a-485f-858e-9b834200ed9d,North Durham,E14000840
f6270405-f09c-46a5-be02-178c3bd2905c,Ochil and South Perthshire,S14000050
5323566f-566b-46a1-9c74-9591ceddf168,Southend West,E14000957
733cd965-8fd3-4d23-a60e-b08901e85d72,"Normanton, Pontefract and Castleford",E14000836
214aab72-167b-4412-a1f6-dc28a6a28f11,Gravesham,E14000715
e14620f6-0ba1-424b-adcf-6f76c1351c8a,"Southampton, Test",E14000956
68ec5fb1-cb56-400d-bcb8-3f9da0fb5471,Newton Abbot,E14000835
dbe3188a-ba2e-4be5-9b28-1de387a9800a,Grantham and Stamford,E14000714
b4084607-cf08-4c30-8361-ae95101c27b0,Paisley and Renfrewshire North,S14000052
18f62103-24b3-4031-bc1e-96bb23930475,"Southampton, Itchen",E14000955
7c23979a-f3eb-4e99-83d1-f719467dd75e,Newcastle-under-Lyme,E14000834
c00e03cc-3283-47b1-9f92-c24de807a426,Gosport,E14000713
2e0a2661-3e7a-422c-9e76-7d175967e5b2,Orkney and Shetland,S14000051
28453c64-0ce3-4941-b0ee-0b752d5f3e41,South West Wiltshire,E14000954
d93368e0-f8e9-47f0-af89-e745b2dce4da,Newcastle upon Tyne North,E14000833
c808db78-798b-4011-9ec7-e0d602e09370,Gloucester,E14000712
3365e7b7-4e70-443a-8914-b99e1606167d,Perth and North Perthshire,S14000054
923dd1c0-31d2-4e49-af20-fa393cc6b7c0,Guildford,E14000719
38042dff-02da-48b4-90a4-0e8afe258f53,Paisley and Renfrewshire South,S14000053
bc0e663d-5d9e-4fbe-8c90-03f6229ec696,North Dorset,E14000839
9673702a-cacf-4c49-af1f-7743179d1308,Greenwich and Woolwich,E14000718
355fb518-b719-41f3-839f-4ac6243fec9e,Rutherglen and Hamilton West,S14000056
4a50d693-5e5e-4cee-94cb-8f4e580d6e49,Spelthorne,E14000959
5f659017-6ee9-434b-bac1-8d7526681873,North Devon,E14000838
c05d8ce3-2f5f-401f-90c7-24fc84f9179c,Great Yarmouth,E14000717
f2b1a4fb-45df-4fb7-ae56-7f918363e33f,"Ross, Skye and Lochaber",S14000055
7653cb32-585f-4e2a-8d89-b6fdef09d68c,Southport,E14000958
0dbae27c-09bc-4e35-9ee9-72e0073882b5,North Cornwall,E14000837
7e5fbd4b-ff43-4dc0-a1cb-5ce763f00b2b,Great Grimsby,E14000716
a8674d1d-25fe-4eff-a0ca-4471fce21131,West Aberdeenshire and Kincardine,S14000058
81118081-f44d-4044-af1a-f8f44d7b697a,Stirling,S14000057
0bbf98aa-63f9-4258-8d6a-8733269a554b,West Dunbartonshire,S14000059
61e43203-0167-4991-bddc-f768abac92be,South West Surrey,E14000953
18865f37-dd35-446c-b58c-5328d6d5d472,Newcastle upon Tyne East,E14000832
80552879-967b-4f2d-bc9d-36ec37244359,Gillingham and Rainham,E14000711
564d1e8f-96f9-439b-9e2a-8cc61cd378d8,South West Norfolk,E14000952
855914e7-546e-4f5d-9137-90438fcc5df0,Newcastle upon Tyne Central,E14000831
44a81354-92df-4286-86ba-291727473c10,Gedling,E14000710
5481d2f8-2184-415c-b460-f53781c5d66f,South West Hertfordshire,E14000951
b8233fe6-f785-4c69-a624-fa658a7724ee,Newbury,E14000830
7f46235d-cff6-4894-b6e3-72e2bef193d2,South West Devon,E14000950
8e930604-aa3e-4231-92bb-f0c96cce36f9,South Suffolk,E14000946
440b28c4-1beb-47cb-870b-ab7cd0bfc726,Morecambe and Lunesdale,E14000825
f0517fd4-4913-4bb5-934a-5b41b10af988,Folkestone and Hythe,E14000704
03fdb4aa-fa2c-4a36-8982-608f8608997a,South Staffordshire,E14000945
680708be-e67a-490c-af3c-30d8c1d3f0f3,Mole Valley,E14000824
8b4b9358-5879-4d05-a92c-2d4486c4718f,Finchley and Golders Green,E14000703
1595fa5f-2f4a-46f8-9945-65ff75110beb,South Shields,E14000944
2508a183-f0e6-4217-89a9-f06bf2b08aae,Mitcham and Morden,E14000823
0e72c809-a73a-479f-ad5a-5eae1a807973,Filton and Bradley Stoke,E14000702
8c15679a-c93d-46a1-8b42-e07d468659fa,South Ribble,E14000943
80b7306b-5adb-41ed-a5a7-b1daac5a8675,Milton Keynes South,E14000822
b99990fb-d881-4f5d-b419-a85e00a685b0,Feltham and Heston,E14000701
f71f91ef-08fa-4356-aa35-7552a3356db4,Newark,E14000829
5c8a670c-7235-4333-88b8-12af28213d03,Garston and Halewood,E14000708
4d65142e-1bc2-4c09-aee7-be8dc89a0b7e,South West Bedfordshire,E14000949
596f744b-0e48-4a01-be11-49d790b250bb,New Forest West,E14000828
c0543955-8461-4027-9085-bbf81681bfb4,Gainsborough,E14000707
20bec7df-f481-460b-9980-3a895e5f7a88,Aberdeen North,S14000001
910f5d5c-bd7c-4aa2-a602-7f243af94655,South Thanet,E14000948
aeb9948e-4fc6-49b3-9cf8-dc7dae08d43b,New Forest East,E14000827
abd9a1bf-8bf4-4617-a58a-b308d6c73f31,Fylde,E14000706
ab1f3172-ff49-4f10-83b1-fb7b300ee875,South Swindon,E14000947
f6bd00e6-81bd-4254-a18d-a2652c9002b6,Morley and Outwood,E14000826
e56221cc-8bd2-4293-b09d-546c1636a11f,Forest of Dean,E14000705
ea0abe8f-9931-484b-92f9-e6294a3ba2bb,Airdrie and Shotts,S14000003
7f077092-1634-4be1-9ffa-0c8fbe1921d3,Aberdeen South,S14000002
c5902e80-9c72-4dc8-bdd2-ede485a213f9,Argyll and Bute,S14000005
c0aa0aa4-e950-4232-99a4-3b5093fccb31,Angus,S14000004
1f05527b-50eb-4fe5-8673-09a5e41c04ce,Gateshead,E14000709
fffcaecc-f908-4a04-99a7-407d01bf2c38,Banff and Buchan,S14000007
7f5fef8a-d016-4958-a599-529eb4b5f359,"Ayr, Carrick and Cumnock",S14000006
f58ab8a2-5688-4e2c-a0c3-809a80ee3477,"Caithness, Sutherland and Easter Ross",S14000009
2a777df2-5df0-4f50-8028-3fa93c2c3cc0,"Berwickshire, Roxburgh and Selkirk",S14000008
74ee63b0-b356-40ab-bdbb-6ef5b261f81b,South Northamptonshire,E14000942
80bede83-0412-4b81-8c48-8d9da2a2eadc,Milton Keynes North,E14000821
a2f1e8f3-b399-45d6-9afc-020cf65a90fe,Faversham and MID Kent,E14000700
ecbe7f43-2a2d-4da7-92d5-3c0fff8f98a0,South Norfolk,E14000941
de753b07-90f8-4fe7-9849-fe2fcfd4bcb3,Worcester,E14001052
93be663f-9e74-4bcb-aada-23add6b03f59,Middlesbrough South and East Cleveland,E14000820
0b3dda2e-633b-46c2-9efa-268d9fe627dc,South Leicestershire,E14000940
0f89c9d3-ae30-4385-b6dc-3e007cfc4493,South Derbyshire,E14000935
58fc11bc-52dc-4fe9-8bc9-06bcdb4f2cc1,Mid Derbyshire,E14000814
cc50b66b-65a8-43dc-b051-a52a3a0a1522,South Cambridgeshire,E14000934
e57807e5-be2a-49dd-99f3-618cf8fe88fc,Mid Bedfordshire,E14000813
555f4b98-b381-4a77-bf75-508550002bb3,South Basildon and East Thurrock,E14000933
c3589ca4-5f68-418d-8cb7-f93faf315263,Meriden,E14000812
dd96a67f-9d7d-42eb-b4ec-0dec319aee8d,Somerton and Frome,E14000932
597cc2a5-6f43-485a-a0c8-ad6efd84c876,Meon Valley,E14000811
7bd19c33-5cac-4e80-a175-7b2efedb2741,Witney,E14001046
c0514ded-79f7-4dc1-a1b7-a18b07fb571d,South Holland and the Deepings,E14000939
a19d5133-5b98-4722-bdf9-79df3ccc0314,Mid Worcestershire,E14000818
5a918d83-37e5-4900-ac8a-3c4d15e69a79,South East Cornwall,E14000938
76f1bd9b-2044-4cc9-89f5-de29f95abd9f,Mid Sussex,E14000817
cc880322-24d8-48f3-8061-d9b30c6d04c5,South East Cambridgeshire,E14000937
1c386299-956c-4710-832c-2c00836cb65d,Mid Norfolk,E14000816
73f8f016-48ec-47ac-98ee-bc57bb452318,South Dorset,E14000936
382fe2bb-eb1e-4aba-9733-c599450beafe,Mid Dorset and North Poole,E14000815
6859206d-e7df-472f-8a6f-70c886db649f,Middlesbrough,E14000819
e0085514-b10a-4463-8690-779b04bae10c,Solihull,E14000931
ce24eb29-64c6-4652-bf6e-a4d351dec2d2,Mansfield,E14000810
eb5b121e-4077-42d3-839d-d060a332a66c,Slough,E14000930
1d114039-c4ca-4469-8e29-2a7a0b3775dd,Sherwood,E14000924
2b364e17-2c3a-4547-a71f-7f6e65bf561a,Maidenhead,E14000803
3656c211-e3ec-4b01-8ed5-552a136e6137,"Sheffield, Heeley",E14000923
fd87349d-5d08-4149-8aad-5c32f076b206,Macclesfield,E14000802
38ed5765-cf9d-4af2-bd4d-31cfe627dbab,"Sheffield, Hallam",E14000922
91c328a4-7664-4fa9-a226-2f7d942bdad6,Luton South,E14000801
85df18a0-886c-4816-b480-73b313288091,"Sheffield, Brightside and Hillsborough",E14000921
2623c8b5-dc4f-4441-b488-cedd518ea363,Luton North,E14000800
eb2df34b-12ea-42c1-870f-913f24079e33,East Renfrewshire,S14000021
6762f6d4-132e-4fe9-8554-7c8490e5b1d5,Skipton and Ripon,E14000928
26c916e2-e2a1-4034-af9d-54dacea495f3,Manchester Central,E14000807
1e1da0c0-6411-4035-8a5e-6b9401c02ad6,East Lothian,S14000020
e1feb0e7-ae5d-47db-972f-4b86d3c8ae7d,Sittingbourne and Sheppey,E14000927
4e83760c-f57b-4fe3-a942-c68bbd27d0c4,Maldon,E14000806
383a1e59-9fad-49aa-86f6-a88af7f858ab,Edinburgh North and Leith,S14000023
93cf456e-c3aa-42ae-adda-e1a69b93dc8d,Shrewsbury and Atcham,E14000926
6152a52f-b39f-44a3-a09a-208c4347483f,Makerfield,E14000805
0312038b-6737-4939-810f-0ed85bc30a16,Edinburgh East,S14000022
6fe3fea0-08cf-4763-80fd-0b93e4f07734,Shipley,E14000925
b91c8b60-ce72-4f23-a926-8377ac55a909,Maidstone and the Weald,E14000804
ffcaa151-21b3-416b-ac25-13c01aa3adbe,Edinburgh South West,S14000025
c2de1672-ddb3-4b1a-bad4-19e9e8797a5c,Edinburgh South,S14000024
392453a2-3431-40b2-ab63-aeb1f39280cf,Na H-Eileanan an Iar,S14000027
6ed2a83e-ec22-4971-a805-3ba1da8a9e47,"Manchester, Withington",E14000809
b0dd2e57-b027-4591-b9b5-1a7173340cc0,Edinburgh West,S14000026
0f0efcb9-457c-43e1-bbae-47b60bf2573d,Sleaford and North Hykeham,E14000929
da34f4d0-91be-4f7f-8d3e-b636e6760468,"Manchester, Gorton",E14000808
4284b2dd-9803-432f-9619-2443d82c3c8e,Glasgow Central,S14000029
3dbcd499-a08a-41bd-aaf4-98d4addcf41b,Falkirk,S14000028
1e9d14c6-43c0-4f26-b6fd-87a89ee98587,Sheffield South East,E14000920
7b6f92b9-66d4-457d-ad6c-75c187c056d7,Scarborough and Whitby,E14000913
15b8db0a-ac4f-44f5-af7e-399a77a04a66,Salisbury,E14000912
9dac2117-0627-49b4-964b-ae1c32c9f9ef,Salford and Eccles,E14000911
42b55ee2-a8dd-4e02-afc4-970e9041bacf,Saffron Walden,E14000910
519fa0ae-9509-41ab-a244-92e7cdcadad1,Central Ayrshire,S14000010
94fa6888-705c-4746-a643-fe1759f5d154,Selby and Ainsty,E14000917
1e458602-220d-4ee7-ac03-d812bcf181c3,Sefton Central,E14000916
eb38f9d1-0364-4164-bb31-8e8de539d7fa,"Cumbernauld, Kilsyth and Kirkintilloch East",S14000012
7bd12402-2326-44a2-ab56-bd8b10070dd5,Sedgefield,E14000915
882d6277-b2cc-4f20-8d71-63f880a749d5,"Coatbridge, Chryston and Bellshill",S14000011
9508bf5b-0fa9-48bd-9aca-8567617da6f6,Scunthorpe,E14000914
39825bc3-fa0b-4d9b-b44b-013b735f2584,"Dumfriesshire, Clydesdale and Tweeddale",S14000014
69a66ecc-b9b4-46b7-89f4-18fcd1b7f53a,Dumfries and Galloway,S14000013
0bdec259-4701-48c6-b48b-443734e78d5a,Dundee West,S14000016
ac30b3c1-4f5b-4c62-aaaa-05bab2e34c8a,Sheffield Central,E14000919
929949a0-a2cb-4639-b246-c225fb217cf6,Dundee East,S14000015
10145822-e092-4b2a-bf89-406db6cb08ce,Sevenoaks,E14000918
487efb93-115b-4b01-9df0-a1fed6fd5e82,East Dunbartonshire,S14000018
a8dd4dd3-edcd-4fed-9b18-d637f23973b3,Dunfermline and West Fife,S14000017
1b27cf72-5d16-460c-9f0a-33d786ce6ef9,"East Kilbride, Strathaven and Lesmahagow",S14000019
5284d368-f4db-4690-8a9f-fb35e33ab247,Rossendale and Darwen,E14000902
d109637b-51f0-43fa-bb77-147d0cf97940,Romsey and Southampton North,E14000901
28efb55c-f4ab-4dc1-9d86-0ac1b1567ba8,Romford,E14000900
38993769-6623-4f31-a43d-0acdaed344ff,"Ruislip, Northwood and Pinner",E14000906
9b08b7b5-f5fd-42c2-8165-f1b5417620ec,Rugby,E14000905
14d5ca50-76d7-4149-84b3-86fa95f48762,Rotherham,E14000904
675fba33-b62c-4e3e-a212-6d9b0acb5cc4,Rother Valley,E14000903
441a92e7-c37b-48bd-908f-d654cbbb4fe7,Rutland and Melton,E14000909
46b4d4de-f0da-47af-9c51-ce67ea824962,Rushcliffe,E14000908
5471289c-117e-44d4-8f19-9ecbaa1bb29d,Runnymede and Weybridge,E14000907
5117e5ed-a09c-4842-b3de-459cb28980e0,Belfast North,N06000002
d34a7ea2-cb81-4581-9949-6415fc6a0c3a,Belfast South,N06000003
369722b8-f660-44c9-9e6a-e06e7c65f787,Belfast East,N06000001
336beb4a-3a0e-4f7c-955f-a4b2f65c4abd,Foyle,N06000008
8e34f602-ce59-4a85-9354-1ee51d55ebf3,Lagan Valley,N06000009
b69f094d-1b62-47a2-a30a-d1fc305bdfa0,East Londonderry,N06000006
4f5965dd-a667-406c-a03a-48a898df7b5f,Fermanagh and South Tyrone,N06000007
009588cf-e4b3-4531-8525-84ea22a56e44,Belfast West,N06000004
f01812ec-a7d3-4250-b71f-5bd29231e432,East Antrim,N06000005
96397c30-d812-43b2-902e-4fa09fbea759,North Down,N06000013
74798a2a-7d95-4dce-894c-2d0365008066,York Outer,E14001062
29a0d8c2-c47d-43e4-848e-0d87f5900b66,South Antrim,N06000014
50325556-d499-4197-a323-03c57f2003a7,York Central,E14001061
ebb73c8a-d268-4ed4-aaa7-b94a05ab7662,Newry and Armagh,N06000011
48cc4da9-16ed-4801-ac76-d55570deef3b,Yeovil,E14001060
3d12c4ca-c07f-4f1a-bd63-f11959e8d56f,North Antrim,N06000012
fafb5b2e-0905-42a2-a342-1f2baa717c07,Mid Ulster,N06000010
6ee99fe5-b085-4319-91dc-8c11ba9773d4,Upper Bann,N06000017
5852b4e0-83fb-4158-bbd2-d2056d8d1eb7,West Tyrone,N06000018
d71d2387-c4b7-4f00-a248-c819797eda3b,South Down,N06000015
78287a72-f4e7-4df0-97bf-425243a37f54,Strangford,N06000016
7f0b04a3-eab5-4995-a524-7e133c91916f,Wolverhampton South West,E14001051
92429c09-7a4d-4288-b15c-abd4c2fdb83e,Wolverhampton South East,E14001050
a801465c-0894-4108-b818-98208ece0948,Worthing West,E14001055
c7078bb9-ab5c-4bf2-800d-b3d319a5d0ee,Worsley and Eccles South,E14001054
9ecd467c-c311-4006-87ed-73f5aeedfb5e,Workington,E14001053
b9a21f2f-1666-4b12-949c-c494fd5c9d6b,Wythenshawe and Sale East,E14001059
b61b108b-f8cc-47c1-a092-e959cfa06736,Wyre Forest,E14001058
229ad18a-24ee-48bb-9006-fd02da478ad6,Wyre and Preston North,E14001057
0341be43-2c57-495a-9317-0a5d21d1fe1e,Wycombe,E14001056
645d0668-37d8-41f8-9238-6aa6a3e8d24f,Wimbledon,E14001040
2d2145ae-0e53-4b4f-ab21-42fe3701b7ee,Wirral West,E14001044
df3727bf-5848-4220-bde8-11cacf850d43,Wirral South,E14001043
4a5c40a0-02cc-4cb5-9e7c-d5bb0a4bdc42,Windsor,E14001042
c46142d9-2f75-426d-8147-39f527b30e95,Winchester,E14001041
9f3ec5e1-16f5-4876-a8b7-ea6a58f589a7,Wokingham,E14001048
b300d36a-4c0d-4845-bd1b-4d53c8726e00,Woking,E14001047
74592522-1224-4ecb-a2c7-ec8003ce93cd,Witham,E14001045
82dd7a56-4c1b-457f-adb9-9a63ebc2c12f,Wolverhampton North East,E14001049
365b8f2e-8210-470c-a006-6df0114dd61d,West Lancashire,E14001033
11a0f0c5-3932-40db-bc64-671e0afd9484,West Ham,E14001032
ef2ee5ac-9550-46da-a432-ebba8b14adb2,West Dorset,E14001031
9809a6a7-a6b3-4ec2-a050-9fc791f73062,West Bromwich West,E14001030
b2212296-b465-47b9-8d88-463a5fd0f0df,Westmorland and Lonsdale,E14001037
b2d88cb7-4794-4aab-a92a-7929fa03c00b,Westminster North,E14001036
12890fe4-c614-4c54-9416-b06c015b1401,West Worcestershire,E14001035
13854ee0-b9b2-4317-abe6-110824c4e01e,West Suffolk,E14001034
196e5759-ca62-4eda-944b-84db2a0c9961,Wigan,E14001039
956ef0a8-2018-4837-8855-9dc2ec288bdf,Weston-Super-Mare,E14001038
6f8bd05f-931b-4a70-9120-77fedacbb159,Waveney,E14001022
fc97c276-64ed-45d8-8569-591110a648ab,Watford,E14001021
5b319bb7-e642-4785-83bf-37ec5dc6e202,Washington and Sunderland West,E14001020
d0840d86-2d7c-47e6-aa09-ff14c109dee2,Wells,E14001026
8ba23e61-df3f-49e9-a93b-35b6ba402395,Wellingborough,E14001025
31a09a89-86b9-4110-888f-c20d1950de7b,Weaver Vale,E14001024
b2cf8039-414a-4971-a439-a7c3ea39e738,Wealden,E14001023
55285f2f-c7f4-4ed7-b2be-844758c91c27,West Bromwich East,E14001029
84c236fd-8363-4251-bcaa-2751a00ed771,Wentworth and Dearne,E14001028
2f6928ed-0ddd-4f33-8011-6564219f2bbf,Welwyn Hatfield,E14001027
a013e391-5b52-40df-905a-392c5266bf9f,Walsall North,E14001011
40a4c8a1-cf40-4a11-8a5f-10139af5f7c2,Wallasey,E14001010
44346f61-55fc-4995-98d2-870841c63d4b,Wantage,E14001015
bb40fbaa-0431-4abf-b103-cfd69b6c825e,Wansbeck,E14001014
f51186b1-a683-40a9-86ca-e1f2b3aa0b15,Walthamstow,E14001013
c580fbd1-1d47-4322-98b4-b141605b353c,Walsall South,E14001012
79a5e86f-aa64-41e7-9507-3f52b28f2538,Warwick and Leamington,E14001019
d909eb66-58c1-4b77-819e-1ddbaeb798ab,Warrington South,E14001018
ae495b91-808d-4511-a138-b8110c684f9d,Warrington North,E14001017
cded0def-1b48-46b6-93f4-1f78b0d2d465,Warley,E14001016
2c013f08-a9ec-4dcf-99b6-7b00de96c1b6,Wakefield,E14001009
683ea098-3e6b-4a09-b1d5-8e77883c42cb,Torridge and West Devon,E14001000
271dbc73-90e8-40a4-8c28-f66493b1a931,Tunbridge Wells,E14001004
e11df54c-5e51-4c50-aa77-f6805478f274,Truro and Falmouth,E14001003
c46f3f69-dbb3-472c-a444-ebf55bb82c3a,Tottenham,E14001002
938a7d0b-d198-47b0-bdac-be720f88d211,Totnes,E14001001
dde4be71-8edb-42f4-9a7b-85d66741690f,Vauxhall,E14001008
6352929c-2b3d-49f5-8f0c-4d83e1d7bdad,Uxbridge and South Ruislip,E14001007
4ed76c11-12d8-4808-9a76-480230e81bb4,Tynemouth,E14001006
9c9cb585-cb99-4639-82e0-192956edf6bc,Twickenham,E14001005
c1b8dcb7-884d-4ef0-9599-aa58878ce954,Cardiff South and Penarth,W07000080
e8f0035d-6ac2-43ea-ad65-7f627c379973,Cardiff West,W07000079
1efd4bb7-bd77-437d-998c-26fba399fb3d,Brentford and Isleworth,E14000593
af1387ac-34b4-41fb-9681-49b1b05cda6b,Brent North,E14000592
c341d903-2d91-4b1a-ac8f-a1e76a83b71a,Brent Central,E14000591
65cbf663-3d1e-48aa-b257-0c82eef4f44d,Braintree,E14000590
8a3a2286-edab-4712-9485-60494e5998ef,"Brighton, Kemptown",E14000597
19e38158-e3ec-4817-b47f-678f0f6fb734,Brigg and Goole,E14000596
eb96967f-93d6-4269-8b94-167dd5aa38dc,Bridgwater and West Somerset,E14000595
7816d96a-0fa7-40c5-a253-ba5c75a96bc1,Brentwood and Ongar,E14000594
16be1930-450c-4ba5-b95b-46386813c223,Bristol East,E14000599
75429e63-24a2-47f8-ac42-916f95e46620,"Brighton, Pavilion",E14000598
0094cc2e-aad4-4097-a2c7-2c4478598c82,Delyn,W07000042
8acad11c-cd13-4568-b221-f5131845c078,Alyn and Deeside,W07000043
f0a1b9c3-620f-4acb-9004-a8ec67fd556b,Wrexham,W07000044
30188b43-775e-43e0-b0a9-aaf2d0a48f6b,Llanelli,W07000045
25214a2b-b2f8-4413-8340-f538f34d2578,Ynys MÃ´n,W07000041
7547c0cb-1283-4be0-9bac-1974ebfe4360,Boston and Skegness,E14000582
430357bb-9af7-4b50-ab35-dbcec29e4bbb,Bootle,E14000581
bb539749-4173-4e33-9c7f-01e772dbf459,Bolton West,E14000580
5cb13c12-cf49-4c45-a9ca-ab38391d64ae,Bracknell,E14000586
8fa9dbfc-2b72-4d33-8ada-ab545f146334,Bournemouth West,E14000585
2c5d66c1-feef-4ac5-b905-869113aa5387,Bournemouth East,E14000584
11fe4639-10a5-4f48-a4f1-ea9422f6e0ba,Bosworth,E14000583
f8fda0c4-dd37-40d2-9127-ff40ec295cc5,Bradford West,E14000589
241758aa-ed28-4cf7-93ea-3e9533190f28,Bradford South,E14000588
bc736b29-97e4-4969-856a-6517217c1f29,Bradford East,E14000587
0a9d6ccc-2061-4a6e-b66d-4da6c55f3e33,Torfaen,W07000053
e3eeb357-f5cb-4d5d-b03d-dea337e93c08,Monmouth,W07000054
d06052f1-e363-499d-be06-cdbc0592d032,Newport East,W07000055
68c38edf-ca92-4065-b9d2-84ece97e4146,Newport West,W07000056
6f4d4472-5649-41b5-8e6d-1ae576eecd7e,Cardiff Central,W07000050
a26b6bc0-bfdb-4efc-9168-5ff3bfeabd10,Cardiff North,W07000051
68f27d1f-3db4-48a8-8ea0-62559e3dc621,Rhondda,W07000052
7172992d-d6cc-449e-bb66-3ffbc6889190,Gower,W07000046
6a67ab4b-9f5d-4756-8794-bccbf224caff,"Enfield, Southgate",E14000692
e99858b6-b5f0-4442-aa4b-17c0409c046b,Blackley and Broughton,E14000571
1a8abffb-6e9e-4c5c-9954-398a10062f0b,Swansea West,W07000047
b5d10801-ec54-4764-a3ab-b4215a66cf85,Enfield North,E14000691
1095c7af-57d9-4d41-9e6a-a6f192634e2d,Blackburn,E14000570
ead77f94-ae53-47d4-8377-e1c32d358c76,Swansea East,W07000048
1525d6c2-3b24-468a-9c53-09ec4ef585f2,Eltham,E14000690
da240697-6c63-4496-b3de-78525d6415d9,Aberavon,W07000049
f4f9c9a5-5ba5-44c7-9eb4-af4b98b61e0d,Erith and Thamesmead,E14000696
fafb8a96-d370-490e-8946-e75a48b60c4d,Blyth Valley,E14000575
1cd4b5f3-cad6-441e-abe6-00ec62816b32,Erewash,E14000695
237ab0a0-5873-45c3-a1ff-ce2206cce1a9,Blaydon,E14000574
1e12b0e8-26f7-4dcb-80c5-a06a468d2224,Epsom and Ewell,E14000694
b54af7a8-88c2-41fd-a4a6-3650f70b0185,Blackpool South,E14000573
0ebc8d2b-8c10-408a-a23b-d197a04cbf4a,Epping Forest,E14000693
d7958a98-d420-4afa-9165-20d4dc3128d5,Blackpool North and Cleveleys,E14000572
26234e47-e284-4f82-b155-1b694902a904,Bolton South East,E14000579
837ec22a-2980-4e51-a7e3-761dbd549919,Fareham,E14000699
7c62f0e5-a0e8-4d06-be36-b02c39b95f8c,Bolton North East,E14000578
687ecde3-f374-418f-ae18-04116e7d6866,Exeter,E14000698
7421d053-a5b9-4904-bc4f-f4486939d64b,Bolsover,E14000577
667cd2f2-665b-45c5-b999-ceefcbe17388,Esher and Walton,E14000697
4321389d-2113-4fb8-bcf6-6d72ef822122,Bognor Regis and Littlehampton,E14000576
31df2268-3e3f-41fb-8a0f-aeb46534cc8e,Bishop Auckland,E14000569
3bb0ffff-b4b7-4168-ad8c-4bb097a97087,Ceredigion,W07000064
ddd43e1d-82fd-40c8-83c6-457706cac174,Preseli Pembrokeshire,W07000065
834bdbe2-6823-41f0-96d4-0d3d3ea73605,Carmarthen West and South Pembrokeshire,W07000066
aeb2a193-8e62-4cab-a357-c7da564d9cde,Carmarthen East and Dinefwr,W07000067
f2956bda-19eb-4a7a-96c9-d5aff5a99c99,Vale of Clwyd,W07000060
550010c2-0fc4-4488-ac26-6de1fc16bb32,Dwyfor Meirionnydd,W07000061
9a60692e-2c66-4178-b19a-c1e21d5fff98,Clwyd South,W07000062
11ecce92-9923-460d-bff0-237b7fef40d4,Montgomeryshire,W07000063
9998e09e-df50-4098-b5b2-792b1892a7e3,Arfon,W07000057
62b091e6-ae4f-4747-acac-2763ae6cc06b,East Surrey,E14000681
8bbc09e0-910d-4cca-a97a-69dd97fadc5d,"Birmingham, Edgbaston",E14000560
29f19eba-52bc-43b1-a47a-fc99b8574c13,Aberconwy,W07000058
a926ac27-27d0-46dc-a768-fc362b84e95a,East Hampshire,E14000680
3372f322-b579-4fe4-9e95-8919812e37eb,Clwyd West,W07000059
be5d95fc-11c8-4bea-a9dc-82a875f9c072,Eastleigh,E14000685
7f2f1ef8-efec-430b-900c-9830b6cc6548,"Birmingham, Ladywood",E14000564
9eab24d2-392c-4bcc-80b8-a694dd5ef6fb,Eastbourne,E14000684
03b107dd-a445-4b00-91e1-66676705c4d5,"Birmingham, Hodge Hill",E14000563
50ea0dca-8f05-4498-95de-6ce62634c148,East Yorkshire,E14000683
fb5e26e3-d142-4380-84c6-5cdf53afade0,"Birmingham, Hall Green",E14000562
505ba32b-e1cd-46b3-bf69-3117ae138290,East Worthing and Shoreham,E14000682
3766a267-3049-42b9-ac8a-0089c49cc211,"Birmingham, Erdington",E14000561
c23c1b74-4a8f-4df0-8910-cda6169eca11,Elmet and Rothwell,E14000689
fbdca64f-018b-4bf8-ac11-8e95c0c4663c,"Birmingham, Yardley",E14000568
5b0b7d8e-3401-493c-bf98-fa98b3410c30,Ellesmere Port and Neston,E14000688
be0cd135-d24b-4488-8eae-fd14d94945c1,"Birmingham, Selly Oak",E14000567
69e25903-0ab8-4610-bc3d-177c7fb1ecfc,Edmonton,E14000687
bb8b96ba-a03a-4102-8620-48b5f029f301,"Birmingham, Perry Barr",E14000566
0a621d80-a20c-44f5-97d2-f03ab33a5b19,Eddisbury,E14000686
dcbc7153-dec6-42a3-a6e6-132d179798e3,"Birmingham, Northfield",E14000565
e83c0cd6-9408-4f41-98be-4d1ac733af23,Birkenhead,E14000559
58a3d679-2510-4f0c-a0b4-01640e0bc664,Cynon Valley,W07000070
4f616f02-2c15-4fdc-b963-defa7846d174,East Ham,E14000679
9ff72469-6311-48f9-a528-6a9d302c1db6,Bexleyheath and Crayford,E14000558
6f0d913b-d5ba-4651-9e12-57e892705194,Pontypridd,W07000075
c1b3cf3a-ddbe-4365-8582-aedb7550e7cc,Caerphilly,W07000076
3be20d04-c713-41c3-8aaf-85d4bcfa8b7e,Islwyn,W07000077
6b21e0c6-89f1-4594-a77f-fbb2e72e8dfd,Vale of Glamorgan,W07000078
780ed1d0-44f4-49b3-8657-01029e6fb621,Merthyr Tydfil and Rhymney,W07000071
83395d2b-ac9a-4d80-ad81-7b60dc11ff8a,Blaenau Gwent,W07000072
d10f78ea-a340-4e01-a92a-6ba3751f62ea,Bridgend,W07000073
4185e664-ad55-45d0-921d-e5ba8fc9a224,Ogmore,W07000074
91124dcf-a745-445b-8f28-23eea5c6d167,Brecon and Radnorshire,W07000068
b6cff7df-ebf4-49e1-bc1e-d0ca3025e8d5,Lichfield,E14000791
86c23db2-0f44-4b51-a449-493f9fadaf2e,Dover,E14000670
7988ae79-09f9-4271-8fea-3d291cf2a51f,Neath,W07000069
cb49d294-e1dd-445a-80b3-58a616f5ef41,Leyton and Wanstead,E14000790
4491de01-8573-4836-bf63-79becb076b32,"Liverpool, Wavertree",E14000795
6f22c718-c2ef-4d88-8fe1-0d711e344a17,Ealing Central and Acton,E14000674
f123dd8d-5f2b-4343-bd79-243c96e7ac82,Bermondsey and Old Southwark,E14000553
1c074a65-b2ea-4ac7-98cf-ede2d74a8650,"Liverpool, Walton",E14000794
93131e4b-c8ec-4ee6-a79e-677e41a9502c,Dulwich and West Norwood,E14000673
98c46661-893a-42ca-a580-eed11c1b58e2,Bedford,E14000552
5af70760-7cef-43b9-8b4e-b3fbd499b264,"Liverpool, Riverside",E14000793
a081596b-a6d3-40a7-a69e-e606ecbe169e,Dudley South,E14000672
3757d2b0-820f-44c9-956b-ef6239c1423b,Beckenham,E14000551
eda009dd-9ee3-4ab7-8797-95c3ee2176cb,Lincoln,E14000792
f443320a-6f81-4a6b-af25-2abb0b97b1d5,Dudley North,E14000671
90e060f3-d25b-4a01-8a2f-acba762ae365,Beaconsfield,E14000550
c099002b-d99b-47d5-a9a3-8da6f1705554,Ludlow,E14000799
de0105d9-177e-4b44-9a4a-8ee5a9387bb8,East Devon,E14000678
1f26f815-51c1-43a9-a788-b149064850da,Bexhill and Battle,E14000557
397bfcf7-deff-43e6-8ea3-8edf9da1387f,Louth and Horncastle,E14000798
ff7e923e-0b57-40f8-9f6b-96f5685b4b73,Easington,E14000677
1dcf35dd-f2d7-464f-b40b-4944f68e62b8,Beverley and Holderness,E14000556
6afd3be7-5143-45d2-ab46-eeac1cab70ee,Loughborough,E14000797
91bada15-702c-4453-af0e-e557cb015cb1,"Ealing, Southall",E14000676
d47d3b9d-e527-424b-85af-5a36dd8d6bf0,Bethnal Green and Bow,E14000555
fe4018a1-e93b-4aa2-ae43-1b9a042faf0e,"Liverpool, West Derby",E14000796
50d441ff-8f5b-4436-9cd0-ad2482abfa70,Ealing North,E14000675
4901901f-b5ba-448e-9545-37399da5c49e,Berwick-upon-Tweed,E14000554
85fe7aa7-63c4-4485-b1a8-22497d7e2d60,Battersea,E14000549
75d56307-5eae-4591-8475-3a1e6e1c90a3,Doncaster North,E14000669
92998c10-be8e-4166-9a68-8c85fe8616e0,Batley and Spen,E14000548
f7686b5f-496d-48d3-8fc1-20e771c413a2,"Lewisham, Deptford",E14000789
27087e69-e1ca-4f8d-801f-675a789361ff,Doncaster Central,E14000668
011c35fc-79a4-4f95-a9d0-531f38ce47db,Bath,E14000547
84e3e5bf-bc56-4c49-82a9-60cba2caef2d,Leeds North West,E14000780
c0de88c3-ad3d-4748-b424-ed7d8e77bc17,Leicester West,E14000784
20c35743-9fce-43d2-baae-4e480c7a4989,Derby South,E14000663
de407bfd-57ee-43da-9e59-1514e4d75fd7,Barnsley East,E14000542
8dcba838-139e-494c-b4f3-db9e213fd8e4,Leicester South,E14000783
7647a1e6-c122-4719-9737-7cca6ef22fdc,Derby North,E14000662
5c5e8368-be98-4636-ab50-1736d6b8c032,Barnsley Central,E14000541
dc0fbe42-d4db-4720-8ce8-e75cc97c66c6,Leicester East,E14000782
59462c17-7d26-49be-9f7d-9a6265f44025,Denton and Reddish,E14000661
40a477e2-14c0-4a9b-89bf-b0d9b312ecb4,Barking,E14000540
b009eea1-8b24-4e05-81f0-4c54d06267f1,Leeds West,E14000781
8422556d-ef33-4ce1-a25f-ea8aa26c26cb,Daventry,E14000660
d4afaafe-c35e-4ae5-98d6-19dec64f5b53,Lewisham West and Penge,E14000788
e74a0030-810f-490a-ae5c-b2909f844786,Don Valley,E14000667
aeeae0a2-936f-42ae-9b3f-aa1354d65767,Bassetlaw,E14000546
8848f97e-76d7-4aef-9306-6933eb6efd6e,Lewisham East,E14000787
14e8c102-b91b-4b2f-8533-9920040889c8,Dewsbury,E14000666
4d29ec6c-ecef-40dd-a770-04c5c95eee2a,Basingstoke,E14000545
4c2447e3-94b4-44b9-b775-d7361a0ae250,Lewes,E14000786
ac599738-5748-49a3-a6e4-a328cf32ef5c,Devizes,E14000665
336078be-2766-4209-bdd1-a753c25d037a,Basildon and Billericay,E14000544
efdda539-72a9-4e60-8b09-5f05d10837ba,Leigh,E14000785
f6c0fd8b-bce7-4ccf-abf4-2d23f697b858,Derbyshire Dales,E14000664
ca248701-f203-46ba-93cb-fd595f3e6839,Barrow and Furness,E14000543
37f4aa21-364c-42ca-aef4-bc5c176584f1,Banbury,E14000539
566897b1-8027-4205-b55e-bea95aad733a,Dartford,E14000659
3815d588-ec15-4ce1-8923-d26ae70c0e44,Aylesbury,E14000538
ec402410-4247-466b-a9d3-a118ee4726dc,Leeds North East,E14000779
1b5cf6d4-6a87-4a6c-a0b0-6547a15b7507,Darlington,E14000658
ae82b93e-8db4-44b0-9d35-d02aef7999c4,Ashton-under-Lyne,E14000537
76990bd5-598b-465f-83f5-6dbca9f81ba8,Rochford and Southend East,E14000899
3f3efa45-05b8-4ca4-a12e-4fb2e1812fe0,Leeds East,E14000778
269ae1d7-19ab-4226-9ae8-ff4646babd81,Dagenham and Rainham,E14000657
764f8846-aad8-40b7-bafb-5a8e5bd3c840,Ashford,E14000536
dcd4fb18-fc07-4d96-905a-f4b495e0cb5c,Reading West,E14000890
e5c23f5b-7e35-4ca4-9551-478a97ac226b,Ribble Valley,E14000894
a2c133a3-35ec-4cb6-bb3e-0f61efa78e69,Kingston upon Hull West and Hessle,E14000773
15bbb0df-1086-47f2-b31a-9818b6f3fb0a,Crawley,E14000652
5a6be693-8223-490b-8df1-d50b37c160df,Aldridge-Brownhills,E14000531
6783a622-c823-44d0-a1b1-75cdb88b4fbb,Reigate,E14000893
ff2ea20f-a005-4e12-b3ab-6841b80d729a,Kingston upon Hull North,E14000772
f10687c7-2c9a-479e-acaa-f192014be1e7,Coventry South,E14000651
79bb72b2-5aa3-4dd9-8f0a-fc103284a82b,Aldershot,E14000530
0bee4d9b-b797-4b8f-9ec6-0773c96eff08,Redditch,E14000892
87f2bee5-8bee-4b15-a843-b93652979394,Kingston upon Hull East,E14000771
c7b3b16b-159c-4aeb-a692-917dc7e740fb,Coventry North West,E14000650
77e9d746-208c-4304-9951-848de76aef60,Redcar,E14000891
cda0a2b5-309d-42a0-a778-0e67d33cdfb2,Kingston and Surbiton,E14000770
eef47cb5-9b34-4aae-9717-315681f618c5,Rochester and Strood,E14000898
6e500baa-fdda-424b-977f-57fca82b995d,Leeds Central,E14000777
f9be6675-d95b-4757-afe2-a2e5276f77ac,Croydon South,E14000656
1112828d-f377-44e0-a314-cbb698771eee,Ashfield,E14000535
1776b3df-fa13-4b4b-a0a2-95f3f4f4b889,Rochdale,E14000897
2bf17d9b-d543-47ed-9121-5d4ddb5047a6,Lancaster and Fleetwood,E14000776
2c7b8206-6168-4212-b8b8-d4a9df481d67,Croydon North,E14000655
10cf229a-a843-460a-b59a-3d3ed8fb2b74,Arundel and South Downs,E14000534
c2e18d0b-e118-429b-acf7-d133e9a23e72,Richmond Park,E14000896
e8d304e2-c61d-4840-83ba-d98371d81f6b,Knowsley,E14000775
9539a139-0d68-4d53-9be4-a4991cf2d0ab,Croydon Central,E14000654
480ce4c0-5509-490b-8757-2a8d26d641f0,Amber Valley,E14000533
ba3d2f83-1ed8-40db-a3b0-59da14098165,Richmond (Yorks),E14000895
fbc2f8c3-d705-45c5-ab36-3591114f4d61,Kingswood,E14000774
7707bd90-92f2-4bd8-8eab-7ad1b6570c3a,Crewe and Nantwich,E14000653
e9918320-62df-4229-8188-f00546a82397,Altrincham and Sale West,E14000532
7f70a6bc-d52d-4cad-9c30-9dc35436e642,Coventry North East,E14000649
28549ac4-b34a-4091-b501-82edc56540ad,Kettering,E14000769
698e337b-fb69-4688-9dae-d2cd41a8bd8f,Corby,E14000648
b27ce516-a7da-45a7-b704-a6bf48c38df5,Reading East,E14000889
7f17d1d6-e49f-4f5d-9cb9-be9448c573e2,Kensington,E14000768
2347a5b6-80c0-4e87-ba9b-cff326dcca0c,Copeland,E14000647
5f39b0df-c8bb-46e3-8e92-244773af1aa7,Rayleigh and Wickford,E14000888
60032786-f2df-4051-ac90-dd46f6575d0d,Kenilworth and Southam,E14000767
4201cadf-4fa8-4d30-989c-085430b52803,Congleton,E14000646
bd9013da-98c8-4e44-a23f-86f988a34d72,Portsmouth North,E14000883
3eeb8e77-1041-4061-803b-9dafa0e67092,Isle of Wight,E14000762
4bd41aab-4496-4f32-add2-acb02a66d619,City of Durham,E14000641
00d99d49-f82d-4fb3-91c0-0a79b4a35eca,Poplar and Limehouse,E14000882
8f0be14a-36e0-4416-b343-e3c6c39472b3,Ipswich,E14000761
a7f11b00-a636-4551-9525-5a8efe858d21,City of Chester,E14000640
b57a512a-c83e-4f25-89fc-1acc4b4a11af,Poole,E14000881
233f49eb-103b-4911-9e95-69713b39412f,Ilford South,E14000760
8897e82e-5e1d-410b-abc9-bafc19e9d820,"Plymouth, Sutton and Devonport",E14000880
88b05c7c-aa96-4c5b-8dba-ae36d6cdf54f,Putney,E14000887
e3090eb1-04a7-4dca-ac7a-c764a10347cb,Keighley,E14000766
31c55a76-eada-497a-a6e9-4b2461a0af1f,Colne Valley,E14000645
ca349957-7ba6-4c61-a3b1-c4cce20a139f,Pudsey,E14000886
7e0bde61-9bfc-483f-ba5b-6134645d72be,Jarrow,E14000765
ffc47db5-2dfa-4919-8c9f-3698581c2be8,Colchester,E14000644
a272f162-b2e6-4fd9-b929-2a0661e929a0,Preston,E14000885
1feb1233-6b1e-420a-b373-6d6de6badd82,Islington South and Finsbury,E14000764
262393e5-7e6a-4306-9331-66187943b073,Cleethorpes,E14000643
05eab122-ac66-4937-80d4-fb8120e64a29,Portsmouth South,E14000884
4f737cc7-19e6-494c-a031-1ffd85554a62,Islington North,E14000763
9ae0bb3d-41a8-4edf-89f4-2353d01cbaa9,Clacton,E14000642
784b7ccd-be1f-44a3-a85c-85e0aa3fcb9e,Ilford North,E14000759
099b3a16-88af-41a4-95a9-e418ab2dd605,Christchurch,E14000638
2555a0ce-cfda-43e3-b3a3-0dfab82d6abf,"Plymouth, Moor View",E14000879
497585bf-28ed-462d-af8c-6633ea060895,Hyndburn,E14000758
a0868f2c-eeee-443b-9dc4-908707aac7c2,Chorley,E14000637
ab96368a-2ff0-4085-91ac-48e6bc779893,Torbay,E14000999
b883be4d-a9de-4210-a017-c25627e65b89,Peterborough,E14000878
9cf26915-65f2-444c-af99-33c419401e98,Huntingdon,E14000757
1aa9ffdb-8428-4dc1-a0d9-28206d96245e,Chipping Barnet,E14000636
6712b6ce-c182-465a-a1c4-7937c78da8d9,Tooting,E14000998
4224a8a6-50ff-496e-b00b-4c647664bdd4,Penrith and the Border,E14000877
3f092b54-ce33-414d-959d-a350e5f03b8a,Huddersfield,E14000756
46346195-7f68-4e0f-ad45-57fb6fbdbf2d,Chippenham,E14000635
81205fe0-0b2e-4559-936c-9c668b883776,Cities of London and Westminster,E14000639
fd4f9da3-6837-4894-aef1-e029e5ae23b3,Thirsk and Malton,E14000993
5d6f9fd0-fd4c-412d-a1bd-9b81a99568ef,Orpington,E14000872
5fe3627d-0d83-4f76-85d1-097c4a548162,Hornchurch and Upminster,E14000751
ae303be8-8644-405d-9a77-2f15286ad017,Cheltenham,E14000630
7f2a8278-4233-4762-92b7-5be1e7b7740c,The Wrekin,E14000992
626d588f-78cf-4b30-8830-f28af8679fce,Oldham West and Royton,E14000871
d87ac5c7-34b8-4ffa-ae7d-17dd2e32f255,Holborn and St Pancras,E14000750
18f084c9-32f3-4639-8959-ac5b4053ad53,The Cotswolds,E14000991
288468b2-13f6-4e96-a82a-5c7748ec794a,Oldham East and Saddleworth,E14000870
cee4ed6d-7389-4e49-aaa4-defdfce1c7d1,Tewkesbury,E14000990
6c6f6931-812e-4285-a3b9-2cb332c84215,Tonbridge and Malling,E14000997
8bce96fd-7a61-454e-b8fb-14247b7b186d,Penistone and Stocksbridge,E14000876
bc77dd6e-e94d-478a-aeda-e9a53a3db530,Hove,E14000755
8e857ba9-9e7c-4376-9897-e1994b6a9f9a,Chingford and Woodford Green,E14000634
67f6784f-0c52-4160-a1af-1b44d17639a5,Tiverton and Honiton,E14000996
98d72ca9-2db3-4cb2-9c25-ed81b1298535,Pendle,E14000875
4fd30417-9fb5-4d17-a72f-cc1b7b6b38ec,Houghton and Sunderland South,E14000754
53527bf9-f7ae-4d67-9ed2-d1fbadb9e362,Chichester,E14000633
6cb8bc62-5da0-4d71-949e-235fd5bfd238,Thurrock,E14000995
087abb1d-4602-4ec4-bbf9-6d270665ad2d,Oxford West and Abingdon,E14000874
662aa99b-1203-431f-9def-ea193a44bec2,Horsham,E14000753
791ea662-ba05-4de6-8bee-2677db9180b0,Chesterfield,E14000632
5794037b-9702-4596-9ace-04ea3590d1b7,Thornbury and Yate,E14000994
469e4e54-61a3-42c2-8dc6-a4dbd659b18b,Oxford East,E14000873
a6e5475a-07a8-459c-be0a-17b3a05574be,Hornsey and Wood Green,E14000752
037c79fd-ff80-4b79-a5c9-4cc444a23ed5,Chesham and Amersham,E14000631
